{
  "mean": [
    -0.00022475171135738492,
    -0.0005132645019330084,
    51.20821762084961,
    0.00028851276147179306,
    0.0002872057375498116,
    1.3070372233414673e-06,
    0.520607054233551,
    0.04337001591920853,
    0.010237282142043114,
    7.889961852924898e-05,
    0.010033775120973587,
    9.680100629338995e-05,
    0.005282751750200987,
    -0.0009045920451171696,
    -0.0021189749240875244,
    52.09635543823242,
    0.0012143828207626939,
    0.0012275625485926867,
    -1.3179702364141122e-05,
    0.5346606969833374,
    0.09150134027004242,
    0.021000124514102936,
    0.0003137877502012998,
    0.020842023193836212,
    0.0004562237882055342,
    0.018212448805570602,
    1.0
  ],
  "std": [
    0.014336973428726196,
    0.02252771705389023,
    11.945128440856934,
    0.010576336644589901,
    0.010025566443800926,
    0.002952427137643099,
    0.3226396441459656,
    0.04649189114570618,
    0.009954690933227539,
    0.009451697580516338,
    0.013385052792727947,
    0.009222030639648438,
    1.0457289218902588,
    0.029810678213834763,
    0.04461660981178284,
    13.074075698852539,
    0.01976676471531391,
    0.01831403188407421,
    0.006464495323598385,
    0.3295554518699646,
    0.0872165635228157,
    0.018611842766404152,
    0.017869193106889725,
    0.02619834430515766,
    0.01730918698012829,
    1.0738956928253174,
    1.0
  ],
  "feature_cols": [
    "ema_fast_rel_60m",
    "ema_slow_rel_60m",
    "rsi_60m",
    "macd_rel_60m",
    "macd_signal_rel_60m",
    "macd_hist_rel_60m",
    "bb_pos_60m",
    "bb_width_60m",
    "atr_rel_60m",
    "log_ret1_60m",
    "hl_pct_60m",
    "oc_pct_60m",
    "vol_z_60m",
    "ema_fast_rel_240m",
    "ema_slow_rel_240m",
    "rsi_240m",
    "macd_rel_240m",
    "macd_signal_rel_240m",
    "macd_hist_rel_240m",
    "bb_pos_240m",
    "bb_width_240m",
    "atr_rel_240m",
    "log_ret1_240m",
    "hl_pct_240m",
    "oc_pct_240m",
    "vol_z_240m",
    "sym_BTCUSD"
  ]
}
